actual,predicted
QUESTION MARK,QUESTION MARK
SOOTYWING,METALMARK
PAPER KITE,PAPER KITE
DANAID EGGFLY,DANAID EGGFLY
COPPER TAIL,PURPLE HAIRSTREAK
BROWN SIPROETA,BROWN SIPROETA
RED ADMIRAL,RED ADMIRAL
CAIRNS BIRDWING,CAIRNS BIRDWING
BANDED ORANGE HELICONIAN,RED POSTMAN
ZEBRA LONG WING,ZEBRA LONG WING
CRIMSON PATCH,CRIMSON PATCH
ULYSES,ULYSES
ELBOWED PIERROT,ELBOWED PIERROT
SCARCE SWALLOW,SCARCE SWALLOW
PIPEVINE SWALLOW,PIPEVINE SWALLOW
JULIA,JULIA
GREY HAIRSTREAK,GREY HAIRSTREAK
BLUE SPOTTED CROW,BLUE SPOTTED CROW
ORANGE OAKLEAF,ORANGE OAKLEAF
BANDED ORANGE HELICONIAN,BANDED ORANGE HELICONIAN
AFRICAN GIANT SWALLOWTAIL,AFRICAN GIANT SWALLOWTAIL
TROPICAL LEAFWING,TROPICAL LEAFWING
ORCHARD SWALLOW,ORCHARD SWALLOW
CRIMSON PATCH,CRIMSON PATCH
PINE WHITE,PINE WHITE
ADONIS,ADONIS
RED SPOTTED PURPLE,RED SPOTTED PURPLE
ORANGE OAKLEAF,TROPICAL LEAFWING
ORANGE OAKLEAF,ORANGE OAKLEAF
BLUE MORPHO,BLUE MORPHO
RED POSTMAN,RED POSTMAN
AMERICAN SNOOT,AMERICAN SNOOT
ELBOWED PIERROT,ELBOWED PIERROT
STRAITED QUEEN,STRAITED QUEEN
DANAID EGGFLY,DANAID EGGFLY
MALACHITE,GREAT JAY
EASTERN PINE ELFIN,EASTERN PINE ELFIN
EASTERN COMA,EASTERN COMA
RED CRACKER,RED CRACKER
CLEOPATRA,CLEOPATRA
COPPER TAIL,COPPER TAIL
CRECENT,CRECENT
INDRA SWALLOW,YELLOW SWALLOW TAIL
POPINJAY,POPINJAY
VICEROY,VICEROY
PIPEVINE SWALLOW,PIPEVINE SWALLOW
DANAID EGGFLY,DANAID EGGFLY
SOOTYWING,SOOTYWING
MONARCH,MONARCH
POPINJAY,POPINJAY
BANDED PEACOCK,BANDED PEACOCK
SLEEPY ORANGE,CLOUDED SULPHUR
RED SPOTTED PURPLE,RED SPOTTED PURPLE
MOURNING CLOAK,MOURNING CLOAK
BLUE MORPHO,BLUE MORPHO
MESTRA,MESTRA
CAIRNS BIRDWING,CAIRNS BIRDWING
SOOTYWING,SOOTYWING
PIPEVINE SWALLOW,PIPEVINE SWALLOW
ULYSES,ULYSES
RED SPOTTED PURPLE,RED SPOTTED PURPLE
ORANGE TIP,ORANGE TIP
CABBAGE WHITE,CABBAGE WHITE
CLOUDED SULPHUR,CLOUDED SULPHUR
CHESTNUT,CHESTNUT
QUESTION MARK,QUESTION MARK
LARGE MARBLE,LARGE MARBLE
BECKERS WHITE,BECKERS WHITE
SOOTYWING,SOOTYWING
PIPEVINE SWALLOW,PIPEVINE SWALLOW
SOOTYWING,COMMON BANDED AWL
GREAT EGGFLY,GREAT EGGFLY
CLODIUS PARNASSIAN,CLODIUS PARNASSIAN
AN 88,AN 88
MILBERTS TORTOISESHELL,MILBERTS TORTOISESHELL
CHESTNUT,CHESTNUT
BLUE MORPHO,BLUE MORPHO
EASTERN DAPPLE WHITE,EASTERN DAPPLE WHITE
POPINJAY,POPINJAY
BLUE MORPHO,BLUE MORPHO
SLEEPY ORANGE,CLOUDED SULPHUR
GREAT EGGFLY,GREAT EGGFLY
MONARCH,MONARCH
VICEROY,VICEROY
DANAID EGGFLY,GREAT EGGFLY
EASTERN DAPPLE WHITE,LARGE MARBLE
ADONIS,ADONIS
CHESTNUT,CHESTNUT
SOUTHERN DOGFACE,SOUTHERN DOGFACE
PURPLE HAIRSTREAK,PURPLE HAIRSTREAK
ZEBRA LONG WING,ZEBRA LONG WING
ATALA,ATALA
BANDED ORANGE HELICONIAN,BANDED ORANGE HELICONIAN
BLUE SPOTTED CROW,BLUE SPOTTED CROW
EASTERN COMA,EASTERN COMA
ZEBRA LONG WING,ZEBRA LONG WING
ULYSES,ULYSES
MALACHITE,MALACHITE
RED ADMIRAL,RED ADMIRAL
JULIA,JULIA
CLOUDED SULPHUR,CLOUDED SULPHUR
CHESTNUT,CHESTNUT
RED POSTMAN,RED POSTMAN
TWO BARRED FLASHER,TWO BARRED FLASHER
MANGROVE SKIPPER,MANGROVE SKIPPER
STRAITED QUEEN,STRAITED QUEEN
JULIA,JULIA
BANDED PEACOCK,BANDED PEACOCK
CAIRNS BIRDWING,CAIRNS BIRDWING
CLEOPATRA,CLEOPATRA
ZEBRA LONG WING,RED CRACKER
CRIMSON PATCH,CRIMSON PATCH
ADONIS,ADONIS
MONARCH,MONARCH
AFRICAN GIANT SWALLOWTAIL,AFRICAN GIANT SWALLOWTAIL
AMERICAN SNOOT,AMERICAN SNOOT
STRAITED QUEEN,STRAITED QUEEN
GREAT EGGFLY,GREAT EGGFLY
CRECENT,CRECENT
SOUTHERN DOGFACE,SOUTHERN DOGFACE
BANDED ORANGE HELICONIAN,BANDED ORANGE HELICONIAN
CABBAGE WHITE,CABBAGE WHITE
STRAITED QUEEN,STRAITED QUEEN
CRIMSON PATCH,CRIMSON PATCH
CHECQUERED SKIPPER,CHECQUERED SKIPPER
GREEN CELLED CATTLEHEART,GREEN CELLED CATTLEHEART
PAPER KITE,PAPER KITE
EASTERN COMA,EASTERN COMA
APPOLLO,APPOLLO
MESTRA,CHECQUERED SKIPPER
TWO BARRED FLASHER,TWO BARRED FLASHER
JULIA,JULIA
RED CRACKER,RED CRACKER
IPHICLUS SISTER,IPHICLUS SISTER
PAPER KITE,PAPER KITE
ORCHARD SWALLOW,ORCHARD SWALLOW
ULYSES,ULYSES
COPPER TAIL,PURPLISH COPPER
RED SPOTTED PURPLE,RED SPOTTED PURPLE
DANAID EGGFLY,DANAID EGGFLY
BLACK HAIRSTREAK,BLACK HAIRSTREAK
STRAITED QUEEN,STRAITED QUEEN
ELBOWED PIERROT,ELBOWED PIERROT
PURPLISH COPPER,PURPLISH COPPER
APPOLLO,APPOLLO
BANDED ORANGE HELICONIAN,BANDED ORANGE HELICONIAN
MILBERTS TORTOISESHELL,PAINTED LADY
AN 88,AN 88
BANDED PEACOCK,BANDED PEACOCK
AFRICAN GIANT SWALLOWTAIL,AFRICAN GIANT SWALLOWTAIL
SLEEPY ORANGE,SLEEPY ORANGE
SCARCE SWALLOW,SCARCE SWALLOW
SLEEPY ORANGE,SLEEPY ORANGE
MANGROVE SKIPPER,MANGROVE SKIPPER
CLODIUS PARNASSIAN,CLODIUS PARNASSIAN
SOOTYWING,SOOTYWING
TROPICAL LEAFWING,COMMON BANDED AWL
MONARCH,MONARCH
STRAITED QUEEN,STRAITED QUEEN
POPINJAY,POPINJAY
QUESTION MARK,QUESTION MARK
SLEEPY ORANGE,SLEEPY ORANGE
EASTERN COMA,EASTERN COMA
ELBOWED PIERROT,PINE WHITE
CLODIUS PARNASSIAN,CLODIUS PARNASSIAN
MALACHITE,MALACHITE
PAPER KITE,PAPER KITE
SOUTHERN DOGFACE,SOUTHERN DOGFACE
PINE WHITE,PINE WHITE
RED POSTMAN,RED POSTMAN
BECKERS WHITE,BECKERS WHITE
GREY HAIRSTREAK,GREY HAIRSTREAK
AFRICAN GIANT SWALLOWTAIL,AFRICAN GIANT SWALLOWTAIL
PURPLISH COPPER,PURPLISH COPPER
SILVER SPOT SKIPPER,SILVER SPOT SKIPPER
PINE WHITE,PINE WHITE
APPOLLO,APPOLLO
MOURNING CLOAK,MOURNING CLOAK
ADONIS,ADONIS
ATALA,ATALA
YELLOW SWALLOW TAIL,YELLOW SWALLOW TAIL
RED POSTMAN,RED POSTMAN
PURPLISH COPPER,PURPLISH COPPER
GREAT JAY,GREAT JAY
SCARCE SWALLOW,SCARCE SWALLOW
ELBOWED PIERROT,ELBOWED PIERROT
COMMON BANDED AWL,COMMON BANDED AWL
CHECQUERED SKIPPER,CHECQUERED SKIPPER
COPPER TAIL,PURPLISH COPPER
WOOD SATYR,WOOD SATYR
MANGROVE SKIPPER,MANGROVE SKIPPER
CABBAGE WHITE,CABBAGE WHITE
MILBERTS TORTOISESHELL,RED CRACKER
COPPER TAIL,COPPER TAIL
RED CRACKER,RED CRACKER
CLEOPATRA,CLEOPATRA
APPOLLO,APPOLLO
INDRA SWALLOW,INDRA SWALLOW
AMERICAN SNOOT,AMERICAN SNOOT
APPOLLO,APPOLLO
COMMON WOOD-NYMPH,COMMON WOOD-NYMPH
RED POSTMAN,RED POSTMAN
TWO BARRED FLASHER,TWO BARRED FLASHER
IPHICLUS SISTER,IPHICLUS SISTER
AN 88,AN 88
CRECENT,CRECENT
BROWN SIPROETA,BROWN SIPROETA
WOOD SATYR,WOOD SATYR
EASTERN COMA,TROPICAL LEAFWING
MONARCH,MONARCH
MOURNING CLOAK,MOURNING CLOAK
CHESTNUT,CHESTNUT
SCARCE SWALLOW,GREAT JAY
COPPER TAIL,PURPLISH COPPER
TROPICAL LEAFWING,RED CRACKER
GOLD BANDED,GOLD BANDED
INDRA SWALLOW,INDRA SWALLOW
BLACK HAIRSTREAK,GREY HAIRSTREAK
GREAT JAY,GREAT JAY
METALMARK,METALMARK
PURPLISH COPPER,COPPER TAIL
RED SPOTTED PURPLE,RED SPOTTED PURPLE
SILVER SPOT SKIPPER,SILVER SPOT SKIPPER
BLACK HAIRSTREAK,BLACK HAIRSTREAK
PINE WHITE,PINE WHITE
APPOLLO,APPOLLO
GREAT JAY,GREAT JAY
ORANGE OAKLEAF,ORANGE OAKLEAF
SCARCE SWALLOW,SCARCE SWALLOW
WOOD SATYR,WOOD SATYR
CHECQUERED SKIPPER,CHECQUERED SKIPPER
CLOUDED SULPHUR,CLOUDED SULPHUR
PAINTED LADY,PAINTED LADY
ADONIS,ADONIS
SILVER SPOT SKIPPER,SILVER SPOT SKIPPER
STRAITED QUEEN,MONARCH
IPHICLUS SISTER,IPHICLUS SISTER
MALACHITE,MALACHITE
LARGE MARBLE,LARGE MARBLE
BROWN SIPROETA,BROWN SIPROETA
ADONIS,ADONIS
CLOUDED SULPHUR,CLOUDED SULPHUR
CHECQUERED SKIPPER,CHECQUERED SKIPPER
PINE WHITE,PINE WHITE
AMERICAN SNOOT,AMERICAN SNOOT
ADONIS,ADONIS
ZEBRA LONG WING,ZEBRA LONG WING
INDRA SWALLOW,INDRA SWALLOW
PURPLE HAIRSTREAK,PURPLE HAIRSTREAK
LARGE MARBLE,LARGE MARBLE
SOUTHERN DOGFACE,SOUTHERN DOGFACE
MOURNING CLOAK,MOURNING CLOAK
GREAT EGGFLY,DANAID EGGFLY
LARGE MARBLE,LARGE MARBLE
POPINJAY,POPINJAY
BLACK HAIRSTREAK,BLACK HAIRSTREAK
PURPLISH COPPER,PURPLISH COPPER
MONARCH,MONARCH
ORANGE OAKLEAF,ORANGE OAKLEAF
BLUE SPOTTED CROW,BLUE SPOTTED CROW
COMMON BANDED AWL,COMMON BANDED AWL
PURPLISH COPPER,PURPLISH COPPER
RED SPOTTED PURPLE,RED SPOTTED PURPLE
AMERICAN SNOOT,AMERICAN SNOOT
ORANGE TIP,ORANGE TIP
PIPEVINE SWALLOW,PIPEVINE SWALLOW
BLUE MORPHO,BLUE MORPHO
GOLD BANDED,GOLD BANDED
PINE WHITE,PINE WHITE
COMMON BANDED AWL,COMMON BANDED AWL
WOOD SATYR,WOOD SATYR
SLEEPY ORANGE,SLEEPY ORANGE
PINE WHITE,BECKERS WHITE
VICEROY,VICEROY
PEACOCK,PEACOCK
PEACOCK,PEACOCK
EASTERN COMA,QUESTION MARK
CABBAGE WHITE,CABBAGE WHITE
MOURNING CLOAK,MOURNING CLOAK
GREAT JAY,GREAT JAY
JULIA,JULIA
PURPLE HAIRSTREAK,PURPLE HAIRSTREAK
APPOLLO,APPOLLO
CABBAGE WHITE,CABBAGE WHITE
RED POSTMAN,RED POSTMAN
TWO BARRED FLASHER,TWO BARRED FLASHER
BECKERS WHITE,BECKERS WHITE
CHECQUERED SKIPPER,CHECQUERED SKIPPER
COMMON WOOD-NYMPH,COMMON WOOD-NYMPH
CAIRNS BIRDWING,CAIRNS BIRDWING
ADONIS,ADONIS
IPHICLUS SISTER,IPHICLUS SISTER
VICEROY,VICEROY
CLEOPATRA,CLEOPATRA
ORANGE OAKLEAF,ORANGE OAKLEAF
PURPLE HAIRSTREAK,PURPLE HAIRSTREAK
BROWN SIPROETA,BROWN SIPROETA
LARGE MARBLE,LARGE MARBLE
CLODIUS PARNASSIAN,CLODIUS PARNASSIAN
CABBAGE WHITE,CABBAGE WHITE
PAINTED LADY,PAINTED LADY
YELLOW SWALLOW TAIL,YELLOW SWALLOW TAIL
PIPEVINE SWALLOW,PIPEVINE SWALLOW
STRAITED QUEEN,STRAITED QUEEN
CLODIUS PARNASSIAN,CLODIUS PARNASSIAN
EASTERN COMA,EASTERN COMA
CAIRNS BIRDWING,CAIRNS BIRDWING
PAPER KITE,PAPER KITE
CHESTNUT,CHESTNUT
PIPEVINE SWALLOW,PIPEVINE SWALLOW
RED POSTMAN,RED POSTMAN
CLEOPATRA,CLEOPATRA
MALACHITE,MALACHITE
MILBERTS TORTOISESHELL,MILBERTS TORTOISESHELL
CRIMSON PATCH,CRIMSON PATCH
CRECENT,CRECENT
CLODIUS PARNASSIAN,CLODIUS PARNASSIAN
BECKERS WHITE,BECKERS WHITE
ORCHARD SWALLOW,ORCHARD SWALLOW
GREAT EGGFLY,GREAT EGGFLY
DANAID EGGFLY,RED CRACKER
AFRICAN GIANT SWALLOWTAIL,AFRICAN GIANT SWALLOWTAIL
ATALA,ATALA
ADONIS,PURPLE HAIRSTREAK
AN 88,AN 88
AFRICAN GIANT SWALLOWTAIL,RED CRACKER
CAIRNS BIRDWING,CAIRNS BIRDWING
MANGROVE SKIPPER,MANGROVE SKIPPER
DANAID EGGFLY,DANAID EGGFLY
BLUE SPOTTED CROW,BLUE SPOTTED CROW
CLODIUS PARNASSIAN,CLODIUS PARNASSIAN
BLUE MORPHO,BLUE MORPHO
MANGROVE SKIPPER,MANGROVE SKIPPER
SOOTYWING,SOOTYWING
CRECENT,CRECENT
COMMON BANDED AWL,COMMON BANDED AWL
BLACK HAIRSTREAK,BLACK HAIRSTREAK
BANDED ORANGE HELICONIAN,BANDED ORANGE HELICONIAN
SLEEPY ORANGE,MILBERTS TORTOISESHELL
BLUE SPOTTED CROW,BLUE SPOTTED CROW
SILVER SPOT SKIPPER,SILVER SPOT SKIPPER
BANDED PEACOCK,BANDED PEACOCK
BLUE SPOTTED CROW,BLUE SPOTTED CROW
ADONIS,ADONIS
JULIA,JULIA
POPINJAY,POPINJAY
EASTERN DAPPLE WHITE,RED CRACKER
RED ADMIRAL,RED ADMIRAL
GREY HAIRSTREAK,GREY HAIRSTREAK
WOOD SATYR,WOOD SATYR
BLUE SPOTTED CROW,BLUE SPOTTED CROW
CLOUDED SULPHUR,CLOUDED SULPHUR
MOURNING CLOAK,MOURNING CLOAK
SILVER SPOT SKIPPER,SILVER SPOT SKIPPER
QUESTION MARK,QUESTION MARK
CLOUDED SULPHUR,CLEOPATRA
JULIA,JULIA
PURPLISH COPPER,COPPER TAIL
EASTERN DAPPLE WHITE,LARGE MARBLE
EASTERN PINE ELFIN,EASTERN PINE ELFIN
BECKERS WHITE,BECKERS WHITE
GOLD BANDED,GOLD BANDED
COMMON WOOD-NYMPH,RED CRACKER
BANDED PEACOCK,BANDED PEACOCK
MESTRA,MESTRA
EASTERN DAPPLE WHITE,LARGE MARBLE
BLUE MORPHO,BLUE MORPHO
COPPER TAIL,COPPER TAIL
YELLOW SWALLOW TAIL,YELLOW SWALLOW TAIL
RED SPOTTED PURPLE,RED SPOTTED PURPLE
QUESTION MARK,TROPICAL LEAFWING
MESTRA,MESTRA
RED SPOTTED PURPLE,RED SPOTTED PURPLE
IPHICLUS SISTER,RED CRACKER
AN 88,AN 88
MESTRA,MESTRA
CRECENT,CRECENT
DANAID EGGFLY,DANAID EGGFLY
VICEROY,VICEROY
TWO BARRED FLASHER,TWO BARRED FLASHER
GREEN CELLED CATTLEHEART,GREEN CELLED CATTLEHEART
YELLOW SWALLOW TAIL,YELLOW SWALLOW TAIL
ATALA,ATALA
PAPER KITE,PAPER KITE
COMMON WOOD-NYMPH,COMMON WOOD-NYMPH
CLEOPATRA,CLEOPATRA
METALMARK,METALMARK
MOURNING CLOAK,MOURNING CLOAK
APPOLLO,APPOLLO
BANDED ORANGE HELICONIAN,BANDED ORANGE HELICONIAN
COMMON WOOD-NYMPH,COMMON WOOD-NYMPH
JULIA,JULIA
QUESTION MARK,EASTERN COMA
COMMON BANDED AWL,GOLD BANDED
ORANGE OAKLEAF,ORANGE OAKLEAF
BLUE MORPHO,BLUE MORPHO
SILVER SPOT SKIPPER,SILVER SPOT SKIPPER
PEACOCK,PEACOCK
QUESTION MARK,QUESTION MARK
PURPLE HAIRSTREAK,PURPLE HAIRSTREAK
CABBAGE WHITE,CABBAGE WHITE
AN 88,AN 88
INDRA SWALLOW,INDRA SWALLOW
RED POSTMAN,GREAT EGGFLY
IPHICLUS SISTER,IPHICLUS SISTER
CLODIUS PARNASSIAN,CLODIUS PARNASSIAN
ZEBRA LONG WING,ZEBRA LONG WING
BLACK HAIRSTREAK,BLACK HAIRSTREAK
CRECENT,CRECENT
ULYSES,ULYSES
CRECENT,CRECENT
APPOLLO,APPOLLO
CLEOPATRA,CLEOPATRA
MOURNING CLOAK,MOURNING CLOAK
BROWN SIPROETA,BLUE SPOTTED CROW
PINE WHITE,PINE WHITE
RED POSTMAN,ORCHARD SWALLOW
AN 88,AN 88
INDRA SWALLOW,INDRA SWALLOW
ATALA,ATALA
MILBERTS TORTOISESHELL,MILBERTS TORTOISESHELL
ULYSES,ULYSES
GREAT EGGFLY,GREAT EGGFLY
TROPICAL LEAFWING,TROPICAL LEAFWING
EASTERN DAPPLE WHITE,EASTERN DAPPLE WHITE
MANGROVE SKIPPER,MANGROVE SKIPPER
ELBOWED PIERROT,ELBOWED PIERROT
AMERICAN SNOOT,TROPICAL LEAFWING
GREY HAIRSTREAK,GREY HAIRSTREAK
CHECQUERED SKIPPER,SILVER SPOT SKIPPER
BECKERS WHITE,BECKERS WHITE
PURPLISH COPPER,COPPER TAIL
GREAT EGGFLY,GREAT EGGFLY
ELBOWED PIERROT,ELBOWED PIERROT
ORCHARD SWALLOW,ORCHARD SWALLOW
ATALA,ATALA
JULIA,JULIA
EASTERN DAPPLE WHITE,EASTERN DAPPLE WHITE
WOOD SATYR,WOOD SATYR
RED ADMIRAL,RED ADMIRAL
BLACK HAIRSTREAK,BLACK HAIRSTREAK
SLEEPY ORANGE,SLEEPY ORANGE
MALACHITE,MALACHITE
GOLD BANDED,GOLD BANDED
GREEN CELLED CATTLEHEART,GREEN CELLED CATTLEHEART
SILVER SPOT SKIPPER,SILVER SPOT SKIPPER
BROWN SIPROETA,BROWN SIPROETA
ULYSES,ULYSES
ZEBRA LONG WING,ZEBRA LONG WING
PURPLISH COPPER,COPPER TAIL
CAIRNS BIRDWING,CAIRNS BIRDWING
MALACHITE,MALACHITE
APPOLLO,YELLOW SWALLOW TAIL
RED ADMIRAL,RED ADMIRAL
RED CRACKER,RED CRACKER
ADONIS,ADONIS
GREAT JAY,CHECQUERED SKIPPER
PAINTED LADY,PAINTED LADY
GREEN CELLED CATTLEHEART,GREEN CELLED CATTLEHEART
COPPER TAIL,COPPER TAIL
BROWN SIPROETA,BROWN SIPROETA
LARGE MARBLE,EASTERN DAPPLE WHITE
QUESTION MARK,QUESTION MARK
MOURNING CLOAK,MOURNING CLOAK
BANDED PEACOCK,BANDED PEACOCK
MANGROVE SKIPPER,MANGROVE SKIPPER
POPINJAY,POPINJAY
BROWN SIPROETA,BROWN SIPROETA
AN 88,AN 88
QUESTION MARK,QUESTION MARK
EASTERN DAPPLE WHITE,EASTERN DAPPLE WHITE
AFRICAN GIANT SWALLOWTAIL,AFRICAN GIANT SWALLOWTAIL
PEACOCK,PEACOCK
MANGROVE SKIPPER,MANGROVE SKIPPER
DANAID EGGFLY,MESTRA
CABBAGE WHITE,CABBAGE WHITE
PURPLISH COPPER,COPPER TAIL
CHECQUERED SKIPPER,CHECQUERED SKIPPER
GREY HAIRSTREAK,GREY HAIRSTREAK
COMMON WOOD-NYMPH,COMMON WOOD-NYMPH
RED CRACKER,RED CRACKER
RED ADMIRAL,AN 88
CAIRNS BIRDWING,CAIRNS BIRDWING
AMERICAN SNOOT,AMERICAN SNOOT
BLACK HAIRSTREAK,BLACK HAIRSTREAK
SCARCE SWALLOW,SCARCE SWALLOW
PAPER KITE,PAPER KITE
PEACOCK,PEACOCK
PEACOCK,PEACOCK
GREAT JAY,GREAT JAY
BANDED PEACOCK,BANDED PEACOCK
MESTRA,TROPICAL LEAFWING
BLUE SPOTTED CROW,BLUE SPOTTED CROW
BECKERS WHITE,LARGE MARBLE
ORANGE TIP,ORANGE TIP
RED ADMIRAL,RED ADMIRAL
SOUTHERN DOGFACE,SOUTHERN DOGFACE
YELLOW SWALLOW TAIL,YELLOW SWALLOW TAIL
GOLD BANDED,GOLD BANDED
PURPLISH COPPER,PURPLISH COPPER
GREAT EGGFLY,GREAT EGGFLY
CLEOPATRA,CLEOPATRA
MILBERTS TORTOISESHELL,MILBERTS TORTOISESHELL
YELLOW SWALLOW TAIL,YELLOW SWALLOW TAIL
PAINTED LADY,PAINTED LADY
SOUTHERN DOGFACE,SOUTHERN DOGFACE
EASTERN DAPPLE WHITE,LARGE MARBLE
IPHICLUS SISTER,IPHICLUS SISTER
INDRA SWALLOW,INDRA SWALLOW
METALMARK,METALMARK
CRECENT,CRECENT
CRIMSON PATCH,CRIMSON PATCH
CLEOPATRA,CLEOPATRA
GREAT EGGFLY,GREAT EGGFLY
MILBERTS TORTOISESHELL,MILBERTS TORTOISESHELL
BANDED ORANGE HELICONIAN,BANDED ORANGE HELICONIAN
CLOUDED SULPHUR,CLOUDED SULPHUR
COPPER TAIL,COPPER TAIL
EASTERN COMA,QUESTION MARK
SCARCE SWALLOW,SCARCE SWALLOW
PAPER KITE,PAPER KITE
PURPLE HAIRSTREAK,PURPLE HAIRSTREAK
MESTRA,IPHICLUS SISTER
RED ADMIRAL,RED ADMIRAL
BLACK HAIRSTREAK,BLACK HAIRSTREAK
SLEEPY ORANGE,SLEEPY ORANGE
COMMON BANDED AWL,COMMON BANDED AWL
RED ADMIRAL,RED ADMIRAL
CHECQUERED SKIPPER,CHECQUERED SKIPPER
BECKERS WHITE,BECKERS WHITE
MILBERTS TORTOISESHELL,MILBERTS TORTOISESHELL
EASTERN PINE ELFIN,CRECENT
SILVER SPOT SKIPPER,SILVER SPOT SKIPPER
BECKERS WHITE,BECKERS WHITE
BANDED ORANGE HELICONIAN,BANDED ORANGE HELICONIAN
GREAT EGGFLY,GREAT EGGFLY
SILVER SPOT SKIPPER,IPHICLUS SISTER
GREAT EGGFLY,GREAT EGGFLY
ORCHARD SWALLOW,ORCHARD SWALLOW
SCARCE SWALLOW,SCARCE SWALLOW
ORANGE TIP,ORANGE TIP
ORANGE TIP,ORANGE TIP
BLUE SPOTTED CROW,BLUE SPOTTED CROW
SCARCE SWALLOW,SCARCE SWALLOW
GREY HAIRSTREAK,MANGROVE SKIPPER
CLOUDED SULPHUR,SLEEPY ORANGE
BANDED PEACOCK,BANDED PEACOCK
SOUTHERN DOGFACE,CLOUDED SULPHUR
CLODIUS PARNASSIAN,CLODIUS PARNASSIAN
ORCHARD SWALLOW,ORCHARD SWALLOW
SOUTHERN DOGFACE,SOUTHERN DOGFACE
RED SPOTTED PURPLE,RED SPOTTED PURPLE
GREY HAIRSTREAK,GREY HAIRSTREAK
ORANGE TIP,ORANGE TIP
AFRICAN GIANT SWALLOWTAIL,RED CRACKER
BROWN SIPROETA,BROWN SIPROETA
RED ADMIRAL,RED ADMIRAL
METALMARK,METALMARK
PIPEVINE SWALLOW,PIPEVINE SWALLOW
PURPLISH COPPER,PURPLISH COPPER
DANAID EGGFLY,DANAID EGGFLY
ORCHARD SWALLOW,ORCHARD SWALLOW
ELBOWED PIERROT,ELBOWED PIERROT
POPINJAY,POPINJAY
PAPER KITE,PAPER KITE
CAIRNS BIRDWING,CAIRNS BIRDWING
ULYSES,ULYSES
METALMARK,METALMARK
METALMARK,METALMARK
TROPICAL LEAFWING,TROPICAL LEAFWING
CLEOPATRA,CLEOPATRA
RED CRACKER,RED CRACKER
EASTERN DAPPLE WHITE,EASTERN DAPPLE WHITE
CRIMSON PATCH,CRIMSON PATCH
DANAID EGGFLY,DANAID EGGFLY
GOLD BANDED,RED CRACKER
METALMARK,METALMARK
BLUE MORPHO,BLUE MORPHO
QUESTION MARK,QUESTION MARK
POPINJAY,RED CRACKER
APPOLLO,APPOLLO
PIPEVINE SWALLOW,PIPEVINE SWALLOW
COPPER TAIL,COPPER TAIL
PIPEVINE SWALLOW,PIPEVINE SWALLOW
ORANGE TIP,ORANGE TIP
BANDED PEACOCK,BANDED PEACOCK
GREEN CELLED CATTLEHEART,GREEN CELLED CATTLEHEART
GREY HAIRSTREAK,GREY HAIRSTREAK
EASTERN DAPPLE WHITE,EASTERN DAPPLE WHITE
EASTERN PINE ELFIN,EASTERN PINE ELFIN
INDRA SWALLOW,INDRA SWALLOW
SCARCE SWALLOW,SCARCE SWALLOW
PINE WHITE,PINE WHITE
ULYSES,ULYSES
TROPICAL LEAFWING,TROPICAL LEAFWING
CLOUDED SULPHUR,CLOUDED SULPHUR
BANDED ORANGE HELICONIAN,BANDED ORANGE HELICONIAN
MONARCH,MONARCH
EASTERN DAPPLE WHITE,EASTERN DAPPLE WHITE
EASTERN COMA,EASTERN COMA
SOOTYWING,SOOTYWING
CAIRNS BIRDWING,CAIRNS BIRDWING
YELLOW SWALLOW TAIL,PIPEVINE SWALLOW
RED ADMIRAL,RED ADMIRAL
ATALA,ATALA
ORANGE OAKLEAF,ORANGE OAKLEAF
MESTRA,COMMON WOOD-NYMPH
EASTERN COMA,QUESTION MARK
GREY HAIRSTREAK,GREY HAIRSTREAK
BLUE MORPHO,BLUE MORPHO
CABBAGE WHITE,CABBAGE WHITE
LARGE MARBLE,LARGE MARBLE
PIPEVINE SWALLOW,PIPEVINE SWALLOW
POPINJAY,POPINJAY
CLEOPATRA,CLEOPATRA
GOLD BANDED,GOLD BANDED
MOURNING CLOAK,MOURNING CLOAK
SOOTYWING,SOOTYWING
MANGROVE SKIPPER,MANGROVE SKIPPER
SILVER SPOT SKIPPER,SILVER SPOT SKIPPER
CABBAGE WHITE,CABBAGE WHITE
RED ADMIRAL,RED ADMIRAL
GREEN CELLED CATTLEHEART,GREEN CELLED CATTLEHEART
DANAID EGGFLY,DANAID EGGFLY
PINE WHITE,PINE WHITE
GREAT JAY,GREAT JAY
EASTERN COMA,QUESTION MARK
COPPER TAIL,COPPER TAIL
SLEEPY ORANGE,SLEEPY ORANGE
ATALA,ATALA
IPHICLUS SISTER,IPHICLUS SISTER
IPHICLUS SISTER,IPHICLUS SISTER
ORCHARD SWALLOW,ORCHARD SWALLOW
CRIMSON PATCH,CRIMSON PATCH
VICEROY,MONARCH
PURPLE HAIRSTREAK,PURPLE HAIRSTREAK
COMMON WOOD-NYMPH,COMMON WOOD-NYMPH
CRECENT,CRECENT
CRIMSON PATCH,CRIMSON PATCH
INDRA SWALLOW,INDRA SWALLOW
MILBERTS TORTOISESHELL,MILBERTS TORTOISESHELL
TWO BARRED FLASHER,TWO BARRED FLASHER
MONARCH,VICEROY
AMERICAN SNOOT,AMERICAN SNOOT
SCARCE SWALLOW,SCARCE SWALLOW
GREAT JAY,GREAT JAY
ATALA,GREAT JAY
RED CRACKER,RED CRACKER
RED SPOTTED PURPLE,RED SPOTTED PURPLE
CLOUDED SULPHUR,CLOUDED SULPHUR
BLACK HAIRSTREAK,BLACK HAIRSTREAK
ORANGE TIP,ORANGE TIP
ULYSES,ULYSES
PINE WHITE,PINE WHITE
TROPICAL LEAFWING,TROPICAL LEAFWING
TWO BARRED FLASHER,TWO BARRED FLASHER
STRAITED QUEEN,STRAITED QUEEN
QUESTION MARK,PAINTED LADY
CLEOPATRA,CLEOPATRA
DANAID EGGFLY,IPHICLUS SISTER
ZEBRA LONG WING,ZEBRA LONG WING
POPINJAY,POPINJAY
BANDED ORANGE HELICONIAN,BANDED ORANGE HELICONIAN
SOUTHERN DOGFACE,SOUTHERN DOGFACE
CRIMSON PATCH,CRIMSON PATCH
RED CRACKER,RED CRACKER
COMMON WOOD-NYMPH,COMMON WOOD-NYMPH
INDRA SWALLOW,INDRA SWALLOW
GREEN CELLED CATTLEHEART,GREEN CELLED CATTLEHEART
BLACK HAIRSTREAK,BLACK HAIRSTREAK
GOLD BANDED,GOLD BANDED
TROPICAL LEAFWING,RED CRACKER
ORCHARD SWALLOW,ORCHARD SWALLOW
EASTERN PINE ELFIN,EASTERN PINE ELFIN
ORCHARD SWALLOW,DANAID EGGFLY
ATALA,ATALA
ATALA,ATALA
VICEROY,MONARCH
CABBAGE WHITE,CABBAGE WHITE
COMMON WOOD-NYMPH,COMMON WOOD-NYMPH
COMMON BANDED AWL,COMMON BANDED AWL
ZEBRA LONG WING,ZEBRA LONG WING
ORANGE TIP,ORANGE TIP
BANDED ORANGE HELICONIAN,JULIA
SOUTHERN DOGFACE,SOUTHERN DOGFACE
ORANGE OAKLEAF,ORANGE OAKLEAF
STRAITED QUEEN,STRAITED QUEEN
COMMON BANDED AWL,COMMON BANDED AWL
GREAT JAY,GREAT JAY
COMMON WOOD-NYMPH,COMMON WOOD-NYMPH
MOURNING CLOAK,MOURNING CLOAK
LARGE MARBLE,LARGE MARBLE
MESTRA,MESTRA
PAPER KITE,PAPER KITE
MESTRA,MESTRA
LARGE MARBLE,LARGE MARBLE
ORANGE OAKLEAF,ORANGE OAKLEAF
YELLOW SWALLOW TAIL,YELLOW SWALLOW TAIL
METALMARK,METALMARK
METALMARK,RED CRACKER
ULYSES,RED CRACKER
MOURNING CLOAK,MOURNING CLOAK
GREEN CELLED CATTLEHEART,IPHICLUS SISTER
GOLD BANDED,GOLD BANDED
CHESTNUT,CHESTNUT
CLOUDED SULPHUR,CLOUDED SULPHUR
RED CRACKER,POPINJAY
BECKERS WHITE,BECKERS WHITE
STRAITED QUEEN,STRAITED QUEEN
CHECQUERED SKIPPER,CHECQUERED SKIPPER
ELBOWED PIERROT,ELBOWED PIERROT
METALMARK,METALMARK
GOLD BANDED,COMMON BANDED AWL
GREY HAIRSTREAK,GREY HAIRSTREAK
PAINTED LADY,PAINTED LADY
COPPER TAIL,COPPER TAIL
VICEROY,VICEROY
YELLOW SWALLOW TAIL,YELLOW SWALLOW TAIL
RED CRACKER,RED CRACKER
RED POSTMAN,RED POSTMAN
SOUTHERN DOGFACE,SOUTHERN DOGFACE
BLUE SPOTTED CROW,RED CRACKER
GREEN CELLED CATTLEHEART,GREEN CELLED CATTLEHEART
MALACHITE,MALACHITE
MONARCH,MONARCH
CAIRNS BIRDWING,RED CRACKER
RED POSTMAN,RED POSTMAN
ADONIS,ADONIS
BLACK HAIRSTREAK,BLACK HAIRSTREAK
PAPER KITE,PAPER KITE
CHECQUERED SKIPPER,CHECQUERED SKIPPER
SCARCE SWALLOW,SCARCE SWALLOW
AN 88,AN 88
RED SPOTTED PURPLE,RED SPOTTED PURPLE
CLODIUS PARNASSIAN,CLODIUS PARNASSIAN
IPHICLUS SISTER,IPHICLUS SISTER
SOOTYWING,SOOTYWING
COMMON BANDED AWL,COMMON BANDED AWL
PURPLE HAIRSTREAK,PURPLE HAIRSTREAK
VICEROY,VICEROY
PAINTED LADY,PAINTED LADY
ORANGE TIP,ORANGE TIP
COMMON BANDED AWL,COMMON BANDED AWL
PAPER KITE,PAPER KITE
CABBAGE WHITE,CABBAGE WHITE
COMMON WOOD-NYMPH,COMMON WOOD-NYMPH
ATALA,ATALA
YELLOW SWALLOW TAIL,YELLOW SWALLOW TAIL
DANAID EGGFLY,DANAID EGGFLY
SLEEPY ORANGE,SLEEPY ORANGE
AN 88,AN 88
MESTRA,MESTRA
PINE WHITE,PINE WHITE
PEACOCK,PEACOCK
GREAT EGGFLY,GREAT EGGFLY
CAIRNS BIRDWING,CAIRNS BIRDWING
CHESTNUT,CHESTNUT
BROWN SIPROETA,BROWN SIPROETA
STRAITED QUEEN,STRAITED QUEEN
SLEEPY ORANGE,SLEEPY ORANGE
TROPICAL LEAFWING,TROPICAL LEAFWING
RED SPOTTED PURPLE,RED SPOTTED PURPLE
CLEOPATRA,CLEOPATRA
PURPLE HAIRSTREAK,PURPLE HAIRSTREAK
PURPLE HAIRSTREAK,PURPLE HAIRSTREAK
GREY HAIRSTREAK,GREY HAIRSTREAK
EASTERN DAPPLE WHITE,LARGE MARBLE
GREY HAIRSTREAK,GREY HAIRSTREAK
ELBOWED PIERROT,BECKERS WHITE
EASTERN PINE ELFIN,EASTERN PINE ELFIN
MILBERTS TORTOISESHELL,MILBERTS TORTOISESHELL
CHESTNUT,CHESTNUT
PAINTED LADY,PAINTED LADY
GREAT JAY,GREAT JAY
SCARCE SWALLOW,SCARCE SWALLOW
EASTERN PINE ELFIN,EASTERN PINE ELFIN
COMMON BANDED AWL,COMMON BANDED AWL
IPHICLUS SISTER,IPHICLUS SISTER
SLEEPY ORANGE,SLEEPY ORANGE
PIPEVINE SWALLOW,PIPEVINE SWALLOW
SOOTYWING,SOOTYWING
PAINTED LADY,PAINTED LADY
EASTERN PINE ELFIN,EASTERN PINE ELFIN
YELLOW SWALLOW TAIL,YELLOW SWALLOW TAIL
CHECQUERED SKIPPER,CHECQUERED SKIPPER
EASTERN COMA,EASTERN COMA
WOOD SATYR,WOOD SATYR
MESTRA,MESTRA
ORCHARD SWALLOW,ORCHARD SWALLOW
CLODIUS PARNASSIAN,CLODIUS PARNASSIAN
VICEROY,VICEROY
PURPLISH COPPER,PURPLISH COPPER
LARGE MARBLE,EASTERN DAPPLE WHITE
BANDED PEACOCK,BANDED PEACOCK
RED SPOTTED PURPLE,RED SPOTTED PURPLE
BROWN SIPROETA,BROWN SIPROETA
COMMON BANDED AWL,COMMON BANDED AWL
PEACOCK,PEACOCK
MANGROVE SKIPPER,MANGROVE SKIPPER
BECKERS WHITE,BECKERS WHITE
MONARCH,MONARCH
SCARCE SWALLOW,SCARCE SWALLOW
AFRICAN GIANT SWALLOWTAIL,AFRICAN GIANT SWALLOWTAIL
MANGROVE SKIPPER,MANGROVE SKIPPER
PAINTED LADY,PAINTED LADY
MESTRA,MESTRA
RED POSTMAN,RED POSTMAN
QUESTION MARK,TROPICAL LEAFWING
EASTERN DAPPLE WHITE,BECKERS WHITE
CLOUDED SULPHUR,CLOUDED SULPHUR
SCARCE SWALLOW,SCARCE SWALLOW
ORANGE TIP,ORANGE TIP
PINE WHITE,PINE WHITE
ORANGE OAKLEAF,RED CRACKER
MALACHITE,MALACHITE
BLACK HAIRSTREAK,BLACK HAIRSTREAK
CHESTNUT,CHESTNUT
IPHICLUS SISTER,IPHICLUS SISTER
AN 88,AN 88
ORANGE TIP,ORANGE TIP
COMMON WOOD-NYMPH,COMMON WOOD-NYMPH
CLOUDED SULPHUR,SOUTHERN DOGFACE
ELBOWED PIERROT,ELBOWED PIERROT
RED CRACKER,RED CRACKER
ELBOWED PIERROT,ELBOWED PIERROT
SLEEPY ORANGE,SLEEPY ORANGE
GREY HAIRSTREAK,GREY HAIRSTREAK
INDRA SWALLOW,INDRA SWALLOW
SILVER SPOT SKIPPER,SILVER SPOT SKIPPER
SOOTYWING,SOOTYWING
CHESTNUT,CHESTNUT
BANDED PEACOCK,BANDED PEACOCK
CLODIUS PARNASSIAN,EASTERN PINE ELFIN
MILBERTS TORTOISESHELL,RED CRACKER
MILBERTS TORTOISESHELL,MILBERTS TORTOISESHELL
ATALA,ATALA
MOURNING CLOAK,MOURNING CLOAK
IPHICLUS SISTER,IPHICLUS SISTER
BROWN SIPROETA,BROWN SIPROETA
COPPER TAIL,COPPER TAIL
IPHICLUS SISTER,IPHICLUS SISTER
LARGE MARBLE,APPOLLO
ADONIS,ADONIS
MONARCH,MONARCH
COMMON BANDED AWL,COMMON BANDED AWL
LARGE MARBLE,CABBAGE WHITE
RED CRACKER,RED CRACKER
CRECENT,CRECENT
POPINJAY,POPINJAY
GREAT JAY,GREAT JAY
VICEROY,VICEROY
EASTERN PINE ELFIN,EASTERN PINE ELFIN
MOURNING CLOAK,MOURNING CLOAK
RED POSTMAN,RED POSTMAN
GREEN CELLED CATTLEHEART,GREEN CELLED CATTLEHEART
TROPICAL LEAFWING,TROPICAL LEAFWING
RED CRACKER,RED CRACKER
CLEOPATRA,CLEOPATRA
METALMARK,METALMARK
BANDED PEACOCK,BANDED PEACOCK
AN 88,AN 88
CLOUDED SULPHUR,SLEEPY ORANGE
ZEBRA LONG WING,ZEBRA LONG WING
TWO BARRED FLASHER,MANGROVE SKIPPER
GREEN CELLED CATTLEHEART,GREEN CELLED CATTLEHEART
AMERICAN SNOOT,AMERICAN SNOOT
RED POSTMAN,RED POSTMAN
APPOLLO,APPOLLO
PEACOCK,PEACOCK
EASTERN PINE ELFIN,EASTERN PINE ELFIN
RED CRACKER,RED POSTMAN
MOURNING CLOAK,MOURNING CLOAK
ORANGE TIP,ORANGE TIP
PURPLE HAIRSTREAK,PURPLE HAIRSTREAK
BANDED ORANGE HELICONIAN,BANDED ORANGE HELICONIAN
CHESTNUT,CHESTNUT
PURPLISH COPPER,PURPLISH COPPER
EASTERN PINE ELFIN,EASTERN PINE ELFIN
ZEBRA LONG WING,ZEBRA LONG WING
CHESTNUT,CHESTNUT
SOUTHERN DOGFACE,SOUTHERN DOGFACE
ATALA,ATALA
EASTERN PINE ELFIN,EASTERN PINE ELFIN
BROWN SIPROETA,BROWN SIPROETA
MANGROVE SKIPPER,MANGROVE SKIPPER
COMMON WOOD-NYMPH,COMMON WOOD-NYMPH
ELBOWED PIERROT,ELBOWED PIERROT
AMERICAN SNOOT,AMERICAN SNOOT
MILBERTS TORTOISESHELL,MILBERTS TORTOISESHELL
SILVER SPOT SKIPPER,SILVER SPOT SKIPPER
CLODIUS PARNASSIAN,CLODIUS PARNASSIAN
PIPEVINE SWALLOW,PIPEVINE SWALLOW
ORANGE OAKLEAF,ORANGE OAKLEAF
PAINTED LADY,PAINTED LADY
MILBERTS TORTOISESHELL,MILBERTS TORTOISESHELL
COPPER TAIL,COPPER TAIL
EASTERN COMA,EASTERN COMA
MOURNING CLOAK,MOURNING CLOAK
BANDED ORANGE HELICONIAN,BANDED ORANGE HELICONIAN
PEACOCK,MILBERTS TORTOISESHELL
ORCHARD SWALLOW,ORCHARD SWALLOW
GREEN CELLED CATTLEHEART,GREEN CELLED CATTLEHEART
SOUTHERN DOGFACE,SOUTHERN DOGFACE
BLUE SPOTTED CROW,BLUE SPOTTED CROW
BANDED PEACOCK,BANDED PEACOCK
TWO BARRED FLASHER,TWO BARRED FLASHER
ATALA,ATALA
APPOLLO,RED CRACKER
BECKERS WHITE,BECKERS WHITE
AFRICAN GIANT SWALLOWTAIL,AFRICAN GIANT SWALLOWTAIL
MALACHITE,MALACHITE
MALACHITE,MALACHITE
WOOD SATYR,WOOD SATYR
SLEEPY ORANGE,SLEEPY ORANGE
MONARCH,MONARCH
ULYSES,ULYSES
CHECQUERED SKIPPER,CHECQUERED SKIPPER
JULIA,JULIA
ORANGE OAKLEAF,ORANGE OAKLEAF
MANGROVE SKIPPER,MANGROVE SKIPPER
CABBAGE WHITE,CABBAGE WHITE
WOOD SATYR,WOOD SATYR
GREAT JAY,GREAT JAY
PEACOCK,PEACOCK
AN 88,AN 88
AMERICAN SNOOT,AMERICAN SNOOT
EASTERN COMA,QUESTION MARK
ULYSES,ULYSES
MILBERTS TORTOISESHELL,BROWN SIPROETA
PAPER KITE,PAPER KITE
MOURNING CLOAK,MOURNING CLOAK
COMMON WOOD-NYMPH,COMMON WOOD-NYMPH
MOURNING CLOAK,MOURNING CLOAK
CRIMSON PATCH,CRIMSON PATCH
JULIA,JULIA
TROPICAL LEAFWING,TROPICAL LEAFWING
POPINJAY,POPINJAY
ORANGE TIP,ORANGE TIP
CABBAGE WHITE,PURPLE HAIRSTREAK
BROWN SIPROETA,BROWN SIPROETA
GREAT JAY,GREAT JAY
GREEN CELLED CATTLEHEART,GREEN CELLED CATTLEHEART
TWO BARRED FLASHER,TWO BARRED FLASHER
EASTERN PINE ELFIN,EASTERN PINE ELFIN
SLEEPY ORANGE,SLEEPY ORANGE
SOOTYWING,SOOTYWING
EASTERN PINE ELFIN,EASTERN PINE ELFIN
TWO BARRED FLASHER,METALMARK
CRECENT,CRECENT
VICEROY,VICEROY
PURPLE HAIRSTREAK,PURPLE HAIRSTREAK
MOURNING CLOAK,MOURNING CLOAK
BLUE MORPHO,BLUE MORPHO
MONARCH,MONARCH
BANDED ORANGE HELICONIAN,PEACOCK
AFRICAN GIANT SWALLOWTAIL,AFRICAN GIANT SWALLOWTAIL
CRECENT,CRECENT
BROWN SIPROETA,BROWN SIPROETA
CRECENT,CRECENT
BLUE SPOTTED CROW,BLUE SPOTTED CROW
TROPICAL LEAFWING,TROPICAL LEAFWING
STRAITED QUEEN,STRAITED QUEEN
JULIA,JULIA
PAPER KITE,PAPER KITE
GREAT JAY,GREAT JAY
TWO BARRED FLASHER,TWO BARRED FLASHER
CHECQUERED SKIPPER,CHECQUERED SKIPPER
WOOD SATYR,WOOD SATYR
PAINTED LADY,PAINTED LADY
INDRA SWALLOW,GREAT JAY
BLUE SPOTTED CROW,BLUE SPOTTED CROW
CHECQUERED SKIPPER,AFRICAN GIANT SWALLOWTAIL
RED ADMIRAL,RED ADMIRAL
PEACOCK,PEACOCK
GOLD BANDED,GOLD BANDED
